{
  "location": {
    "precision": 1.0,
    "recall": 0.9935064935064936,
    "f1-score": 0.9967426710097721,
    "support": 154,
    "confused_with": {
      "qos_value": 1
    }
  },
  "qos_constraint": {
    "precision": 0.7631578947368421,
    "recall": 1.0,
    "f1-score": 0.8656716417910448,
    "support": 29,
    "confused_with": {}
  },
  "middlebox": {
    "precision": 1.0,
    "recall": 1.0,
    "f1-score": 1.0,
    "support": 60,
    "confused_with": {}
  },
  "protocol": {
    "precision": 1.0,
    "recall": 1.0,
    "f1-score": 1.0,
    "support": 10,
    "confused_with": {}
  },
  "service": {
    "precision": 1.0,
    "recall": 1.0,
    "f1-score": 1.0,
    "support": 25,
    "confused_with": {}
  },
  "group": {
    "precision": 1.0,
    "recall": 1.0,
    "f1-score": 1.0,
    "support": 53,
    "confused_with": {}
  },
  "traffic": {
    "precision": 1.0,
    "recall": 0.9285714285714286,
    "f1-score": 0.962962962962963,
    "support": 56,
    "confused_with": {
      "qos_constraint": 2,
      "operation": 2
    }
  },
  "qos_value": {
    "precision": 0.8813559322033898,
    "recall": 1.0,
    "f1-score": 0.936936936936937,
    "support": 52,
    "confused_with": {}
  },
  "name": {
    "precision": 1.0,
    "recall": 1.0,
    "f1-score": 1.0,
    "support": 5,
    "confused_with": {}
  },
  "qos_metric": {
    "precision": 0.9830508474576272,
    "recall": 0.8923076923076924,
    "f1-score": 0.9354838709677421,
    "support": 65,
    "confused_with": {
      "qos_constraint": 7
    }
  },
  "hour": {
    "precision": 1.0,
    "recall": 0.8928571428571429,
    "f1-score": 0.9433962264150945,
    "support": 56,
    "confused_with": {
      "qos_value": 6
    }
  },
  "qos_unit": {
    "precision": 1.0,
    "recall": 1.0,
    "f1-score": 1.0,
    "support": 109,
    "confused_with": {}
  },
  "operation": {
    "precision": 0.9666666666666667,
    "recall": 1.0,
    "f1-score": 0.983050847457627,
    "support": 116,
    "confused_with": {}
  },
  "micro avg": {
    "precision": 0.9735182849936949,
    "recall": 0.9772151898734177,
    "f1-score": 0.9753632343651295,
    "support": 790
  },
  "macro avg": {
    "precision": 0.9687870262357328,
    "recall": 0.9774802120955967,
    "f1-score": 0.9710957813493215,
    "support": 790
  },
  "weighted avg": {
    "precision": 0.9772072478987642,
    "recall": 0.9772151898734177,
    "f1-score": 0.9758481445459812,
    "support": 790
  },
  "accuracy": 0.9867591424968474
}